,angry,happy,sad,neutral
angry,-0.06833333333333336,0.06,0.0,0.008333333333333331
happy,-0.09749999999999998,0.10916666666666663,0.006666666666666666,-0.018333333333333313
sad,-0.10333333333333333,0.10083333333333333,0.0008333333333333352,0.0016666666666666496
neutral,-0.08666666666666667,0.09416666666666668,0.004999999999999999,-0.012500000000000011
