domain,x,y,kind
source,-10.09919286004578,-3.068914983258065,domain
target,8.591823675317897,5.51498691806104,domain
