,angry,happy,sad,neutral
angry,0.6825,0.23,0.005,0.0825
happy,0.33,0.5075,0.008333333333333333,0.15416666666666667
sad,0.4058333333333333,0.4116666666666667,0.015833333333333335,0.16666666666666666
neutral,0.33416666666666667,0.38,0.016666666666666666,0.26916666666666667
