emotion,i2p S1-B,i2p S2-S1,p2i S1-B,p2i S2-S1
angry,-0.0683333333333333,0.1225,-0.05726872246696035,0.0044052863436122
happy,0.1091666666666666,-0.3858333333333332,0.031141868512110704,-0.0311418685121107
sad,0.0008333333333333,0.0008333333333333,-0.028070175438596523,-0.087719298245614
neutral,-0.0125,0.1891666666666666,-0.0146198830409357,0.0584795321637426
