label,mean_test_uar,rank_uar,mean_test_macro_f1,rank_macro_f1,std_test_uar,rank_robustness
p2i-chunk,0.4119095898748746,1,0.3827002175629588,1,0.0128649828380413,3
p2i-s1,0.3911122255290766,2,0.3653231250596225,2,0.0198853032220708,4
i2p-s1,0.3717361111111111,3,0.319043054952908,3,0.0026868808502989,1
i2p-chunk,0.3592361111111111,4,0.302488435978762,4,0.0055525165299002,2
