direction,baseline,stage1,stage2,delta_s1,delta_s2
IEMOCAP→PODCAST,0.3614583333333333,0.36875,0.3504166666666667,0.007291666666666696,-0.018333333333333313
PODCAST→IEMOCAP,0.4262113222607047,0.4090070941521092,0.3950130070895167,-0.01720422810859551,-0.013994087062592475
IEMOCAP+CREMA-D→PODCAST,0.3464583333333333,0.3502083333333333,0.3556249999999999,0.0037499999999999756,0.005416666666666625
