domain,x,y,kind
source,-0.4769382105074409,13.318877217086653,domain
target,-0.06087116229037444,-12.463669058792293,domain
