,angry,happy,neutral,sad
angry,0.0,-0.6928239534446377,-4.602974016647068,-3.3335089878341497
happy,-0.6928239534446377,0.0,-3.482567997808041,-0.07477232046120563
neutral,-4.602974016647068,-3.482567997808041,0.0,-1.3418906180844412
sad,-3.3335089878341497,-0.07477232046120563,-1.3418906180844412,0.0
