target_fraction,experiment,test_uar,test_wa,test_macro_f1,gain_vs_plain_chunk,delta_vs_plain_chunk
0.25,iemocap_to_podcast_chunk_domain_utt_tgtfrac25,0.3662499999999999,0.36625,0.3162480072873593,0.0047916666666665,0.004791666666666583
0.5,iemocap_to_podcast_chunk_domain_utt_tgtfrac50,0.35,0.35,0.2752038673789279,-0.0114583333333333,-0.011458333333333348
0.75,iemocap_to_podcast_chunk_domain_utt_tgtfrac75,0.333125,0.333125,0.2553480164145253,-0.0283333333333333,-0.02833333333333332
1.0,iemocap_to_podcast_chunk_domain_utt,0.36875,0.36875,0.3123457727794323,0.0072916666666666,0.007291666666666696
