emotion,x,y,kind
angry,-3.0052412864936273,-5.050371672894995,emotion
happy,-1.1338384860979962,-0.07168471991243609,emotion
neutral,2.1377812638452434,3.826259545558701,emotion
sad,-0.2078316370241864,1.0808426098096682,emotion
