,angry,happy,sad,neutral
angry,0.7508333333333334,0.17,0.005,0.07416666666666667
happy,0.4275,0.3983333333333333,0.0016666666666666668,0.1725
sad,0.5091666666666667,0.31083333333333335,0.015,0.165
neutral,0.42083333333333334,0.28583333333333333,0.011666666666666667,0.2816666666666667
