emotion,x,y,kind
angry,1.8593007487092796,4.0222280916496365,emotion
happy,-1.7587199010126535,1.1396180348696041,emotion
neutral,-1.592620524814102,-0.4581588337268946,emotion
sad,-0.3941436778719819,1.4686113697468142,emotion
